scenario,optimizer,learning_rate,batch_size,l2,seed,epochs,final_training_loss,initial_training_loss,loss_reduction,loss_roughness,convergence_epoch,best_loss_epoch,epoch_to_90pct_loss_reduction,runtime_seconds,test_accuracy,test_macro_f1,test_weighted_f1,positive_prediction_rate
learning_rate_sensitivity,Batch GD,1.0,,0.0001,42,80,0.41392604989827886,0.5927462318497181,0.17882018195143923,0.007221381859984787,,80,38.0,0.07087100017815828,0.8158602150537635,0.44929681717246484,0.7331267957625971,1.0
learning_rate_sensitivity,Batch GD,4.0,,0.0001,42,80,0.3699963404798379,0.4606086166311136,0.09061227615127565,0.0009620625952583689,,80,63.0,0.07262109988369048,0.8158602150537635,0.44929681717246484,0.7331267957625971,1.0
learning_rate_sensitivity,Batch GD,8.0,,0.0001,42,80,0.3407784236165196,0.5397153485794433,0.19893692496292364,0.01020541890068246,,80,51.0,0.07335479999892414,0.8225806451612904,0.4861770922713099,0.7488177398764442,0.9932795698924731
learning_rate_sensitivity,Batch GD,12.0,,0.0001,42,80,0.321989702779251,0.7342463089501043,0.41225660617085336,0.03125613006465849,,80,32.0,0.07375959982164204,0.834005376344086,0.5540169129344269,0.7772477489014153,0.9764784946236559
learning_rate_sensitivity,SGD,0.005,,0.0001,42,80,0.28177884417921345,0.436707540859596,0.15492869668038256,0.002305077357328791,,80,56.0,10.414523300016299,0.8655913978494624,0.7087150575522668,0.8437551307018675,0.918010752688172
learning_rate_sensitivity,SGD,0.02,,0.0001,42,80,0.2492037703675865,0.40321824261091854,0.15401447224333203,0.0036030712261910596,,79,35.0,10.659374200040475,0.894489247311828,0.8013102757906858,0.887265362375449,0.8689516129032258
learning_rate_sensitivity,SGD,0.05,,0.0001,42,80,0.24835225169401007,0.3730673026694482,0.12471505097543814,0.004502695944147716,,75,17.0,10.383839499903843,0.8985215053763441,0.8152454111070819,0.893603297606688,0.855510752688172
learning_rate_sensitivity,SGD,0.1,,0.0001,42,80,0.25080462961296135,0.3438863945791296,0.09308176496616827,0.004976909597225469,,55,9.0,10.565815099980682,0.9005376344086021,0.8226785662523712,0.8969052640889402,0.8467741935483871
learning_rate_sensitivity,Mini-batch GD,0.1,64.0,0.0001,42,80,0.33402663543042926,0.4590511966950521,0.12502456126462286,0.001819916282677841,,80,61.0,0.6654799999669194,0.8272849462365591,0.5105607709881165,0.7592831809576537,0.9885752688172043
learning_rate_sensitivity,Mini-batch GD,0.5,64.0,0.0001,42,80,0.2662208307018198,0.427159358599619,0.16093852789779922,0.0026689661883495326,,80,51.0,0.6537824999541044,0.8770161290322581,0.7507886695165847,0.8628319291433392,0.8958333333333334
learning_rate_sensitivity,Mini-batch GD,1.0,64.0,0.0001,42,80,0.25161817970509304,0.41002585466908603,0.158407674963993,0.003347985137138885,,79,39.0,0.6088321001734585,0.8931451612903226,0.7973715651135006,0.8853746740149793,0.8716397849462365
learning_rate_sensitivity,Mini-batch GD,2.0,64.0,0.0001,42,80,0.2478497467693243,0.3898515439063001,0.1420017971369758,0.004114104754829318,,79,24.0,0.6165797999128699,0.896505376344086,0.8087339743589743,0.8905842897022332,0.8615591397849462
mini_batch_size,Mini-batch GD,1.0,8.0,0.0001,42,80,0.2509414708967813,0.33420966208928793,0.08326819119250661,0.005538335987866724,,51,7.0,4.151076100068167,0.9005376344086021,0.8226785662523712,0.8969052640889402,0.8467741935483871
mini_batch_size,Mini-batch GD,1.0,16.0,0.0001,42,80,0.2489571077720985,0.36437484518434843,0.11541773741224992,0.004750582446188593,,69,13.0,2.153611399931833,0.8998655913978495,0.8182889598282157,0.8952017318196458,0.8541666666666666
mini_batch_size,Mini-batch GD,1.0,32.0,0.0001,42,80,0.2478001686101732,0.3896775621532727,0.1418773935430995,0.004091373041204888,,79,24.0,1.397281200159341,0.896505376344086,0.8087339743589743,0.8905842897022332,0.8615591397849462
mini_batch_size,Mini-batch GD,1.0,64.0,0.0001,42,80,0.25161817970509304,0.41002585466908603,0.158407674963993,0.003347985137138885,,79,39.0,0.6432013001758605,0.8931451612903226,0.7973715651135006,0.8853746740149793,0.8716397849462365
mini_batch_size,Mini-batch GD,1.0,128.0,0.0001,42,80,0.26598029261626616,0.4268242050188855,0.16084391240261936,0.0026786605022686583,,80,51.0,0.3848064998164773,0.8776881720430108,0.7535814116002795,0.8640552324489228,0.8938172043010753
stability_across_seeds,SGD,0.05,,0.0001,1,80,0.24606958015147215,0.37665018346888646,0.1305806033174143,0.004710517763391982,,80,17.0,10.610376000171527,0.8918010752688172,0.7918940776575054,0.8829829018618053,0.8770161290322581
stability_across_seeds,SGD,0.05,,0.0001,7,80,0.2460707146462275,0.3739502973922687,0.1278795827460412,0.0044841439459911425,,78,17.0,10.492651800159365,0.8924731182795699,0.7928153717627402,0.8835889005668293,0.8776881720430108
stability_across_seeds,SGD,0.05,,0.0001,42,80,0.24835225169401007,0.3730673026694482,0.12471505097543814,0.004502695944147716,,75,17.0,10.486410999903455,0.8985215053763441,0.8152454111070819,0.893603297606688,0.855510752688172
stability_across_seeds,SGD,0.05,,0.0001,99,80,0.2480178077636146,0.37575146425055495,0.12773365648694035,0.004796115435440747,,77,17.0,12.698787900153548,0.8844086021505376,0.7643965755316211,0.8706219098270839,0.8978494623655914
stability_across_seeds,SGD,0.05,,0.0001,123,80,0.24670666918116257,0.3744516326157897,0.1277449634346271,0.004732066455715871,,77,17.0,17.13314720010385,0.8958333333333334,0.8058545003051412,0.8893491726116572,0.8649193548387096
stability_across_seeds,Mini-batch GD,1.0,64.0,0.0001,1,80,0.2512810201343386,0.410350226359406,0.15906920622506737,0.0033007383853082602,,80,40.0,1.120634499937296,0.8884408602150538,0.7842702281595965,0.8789708027554668,0.8790322580645161
stability_across_seeds,Mini-batch GD,1.0,64.0,0.0001,7,80,0.2513207372033603,0.41150283718572567,0.16018209998236538,0.00343049619547386,,80,39.0,1.0332406999077648,0.883736559139785,0.7688658873725805,0.8718005217492938,0.8891129032258065
stability_across_seeds,Mini-batch GD,1.0,64.0,0.0001,42,80,0.25161817970509304,0.41002585466908603,0.158407674963993,0.003347985137138885,,79,39.0,0.9250453999266028,0.8931451612903226,0.7973715651135006,0.8853746740149793,0.8716397849462365
stability_across_seeds,Mini-batch GD,1.0,64.0,0.0001,99,80,0.25188710760686545,0.4103280417582954,0.15844093415142996,0.003358473792247723,,77,38.0,1.0128927000332624,0.8790322580645161,0.7514910167862325,0.863957026919053,0.9005376344086021
stability_across_seeds,Mini-batch GD,1.0,64.0,0.0001,123,80,0.2512865151808499,0.41000471323893856,0.15871819805808868,0.0033074875613558555,,80,39.0,0.9773290001321584,0.8897849462365591,0.7876357560568087,0.880678623081,0.8776881720430108
l2_interaction,Batch GD,8.0,,1e-05,42,80,0.3361866686694357,0.5396693645968589,0.20348269592742319,0.010199276077377794,,80,53.0,0.11496090004220605,0.823252688172043,0.489729898883217,0.7503378971637628,0.9926075268817204
l2_interaction,SGD,0.05,,1e-05,42,80,0.14070000726697376,0.3713030600959401,0.23060305282896634,0.004915336020896278,,79,44.0,15.925961299799383,0.9092741935483871,0.8410154497083147,0.9068238796669486,0.8393817204301075
l2_interaction,Mini-batch GD,1.0,64.0,1e-05,42,80,0.19226470011699004,0.4096006943562468,0.21733599423925676,0.0033595847310752274,,80,55.0,0.9294044999405742,0.8958333333333334,0.807815214628842,0.8899771129230047,0.8608870967741935
l2_interaction,Batch GD,8.0,,0.0001,42,80,0.3407784236165196,0.5397153485794433,0.19893692496292364,0.01020541890068246,,80,51.0,0.11561209987848997,0.8225806451612904,0.4861770922713099,0.7488177398764442,0.9932795698924731
l2_interaction,SGD,0.05,,0.0001,42,80,0.24835225169401007,0.3730673026694482,0.12471505097543814,0.004502695944147716,,75,17.0,15.956577199976891,0.8985215053763441,0.8152454111070819,0.893603297606688,0.855510752688172
l2_interaction,Mini-batch GD,1.0,64.0,0.0001,42,80,0.25161817970509304,0.41002585466908603,0.158407674963993,0.003347985137138885,,79,39.0,0.8618172998540103,0.8931451612903226,0.7973715651135006,0.8853746740149793,0.8716397849462365
l2_interaction,Batch GD,8.0,,0.001,42,80,0.3735601480413672,0.5401751884052869,0.16661504036391966,0.010240982857514326,,80,33.0,0.10357009992003441,0.8158602150537635,0.44929681717246484,0.7331267957625971,1.0
l2_interaction,SGD,0.05,,0.001,42,80,0.3678419625335461,0.3879376076930573,0.020095645159511177,0.0027561413059534324,,18,6.0,14.961727800080553,0.8360215053763441,0.5606901725431358,0.7803942921214175,0.9758064516129032
l2_interaction,Mini-batch GD,1.0,64.0,0.001,42,80,0.36631837104609416,0.4140356373816041,0.047717266335509934,0.0023226193143242864,,42,9.0,0.9062745999544859,0.8299731182795699,0.5268549624652648,0.7660917940903251,0.9845430107526881
l2_interaction,Batch GD,8.0,,0.01,42,80,0.43669826782068477,0.5447735866637238,0.108075318843039,0.010221449211523388,21.0,80,3.0,0.11031140014529228,0.8158602150537635,0.44929681717246484,0.7331267957625971,1.0
l2_interaction,SGD,0.05,,0.01,42,80,0.43796512970023593,0.4378148329723105,-0.00015029672792543636,0.003088277697229942,,25,,15.136130600003526,0.8158602150537635,0.44929681717246484,0.7331267957625971,1.0
l2_interaction,Mini-batch GD,1.0,64.0,0.01,42,80,0.4367769782190835,0.4384431859091789,0.0016662076900954004,0.0010476118204410113,,37,2.0,0.8670365000143647,0.8158602150537635,0.44929681717246484,0.7331267957625971,1.0
